-- =====================================================
-- 进销存管理系统 — 初始化测试数据
-- 版本: v2.0
-- 说明：给测试人员提供的演示数据，导入后可直接跑全流程
-- 导入方式：mysql -u root -p inventory < sql/02-seed-data.sql
-- =====================================================

USE `inventory`;

-- =====================================================
-- 1. 系统用户（密码均为 123456）
-- =====================================================
INSERT IGNORE INTO `sys_user` (`id`, `username`, `password`, `real_name`, `position`, `role`, `status`) VALUES
(1, 'admin',     '$2b$10$vRtfTD91dPMlYs6/5bhNFuT/iuFZOmLJlcaBP.3a/KgncaQ7jK0Vy', '系统管理员', NULL,      1, 1),
(2, 'warehouse', '$2b$10$vRtfTD91dPMlYs6/5bhNFuT/iuFZOmLJlcaBP.3a/KgncaQ7jK0Vy', '仓库管理员', '仓管员', 2, 1),
(3, 'sales',     '$2b$10$vRtfTD91dPMlYs6/5bhNFuT/iuFZOmLJlcaBP.3a/KgncaQ7jK0Vy', '销售员',    '销售员', 2, 1);

-- =====================================================
-- 2. 系统配置
-- =====================================================
INSERT IGNORE INTO `sys_config` (`config_key`, `config_value`, `remark`) VALUES
('purchase_order_prefix', 'PO', '入库单前缀'),
('sales_order_prefix', 'SO', '出库单前缀'),
('stocktake_order_prefix', 'CK', '盘点单前缀'),
('alert_enabled', 'true', '安全库存预警开关');

-- =====================================================
-- 3. 商品分类（树形结构）
-- =====================================================
INSERT IGNORE INTO `product_category` (`id`, `name`, `parent_id`, `sort`, `status`) VALUES
(1,  '植物',    NULL, 1, 1),
(2,  '肥料',    NULL, 2, 1),
(3,  '园艺工具', NULL, 3, 1),
(4,  '向日葵',  1,    1, 1),
(5,  '豌豆类',  1,    2, 1),
(6,  '坚果类',  1,    3, 1),
(7,  '有机肥',  2,    1, 1),
(8,  '复合肥',  2,    2, 1);

-- =====================================================
-- 4. 商品
-- =====================================================
INSERT IGNORE INTO `product` (`id`, `code`, `name`, `category_id`, `spec`, `unit`, `purchase_price`, `sale_price`, `min_stock`, `max_stock`, `status`) VALUES
(1,  'GD20260430001', '向日葵幼苗',  4, '20cm/3月苗',  '株',  5.00,   12.00,  20,  500,  1),
(2,  'GD20260430002', '向日葵种子',  4, '50粒/包',    '包',  3.50,   8.00,   50,  1000, 1),
(3,  'GD20260430003', '豌豆射手',    5, '25cm/成株',  '株',  8.00,   20.00,  10,  300,  1),
(4,  'GD20260430004', '豌豆种子',    5, '30粒/包',    '包',  4.00,   10.00,  30,  800,  1),
(5,  'GD20260430005', '高坚果',      6, '30cm/成株',  '株',  12.00,  28.00,  5,   200,  1),
(6,  'GD20260430006', '小坚果',      6, '15cm/幼苗',  '株',  6.00,   15.00,  15,  400,  1),
(7,  'GD20260430007', '有机营养土',  7, '5kg/袋',     '袋',  15.00,  30.00,  10,  200,  1),
(8,  'GD20260430008', '液体肥料',    7, '500ml/瓶',   '瓶',  18.00,  35.00,  5,   100,  1),
(9,  'GD20260430009', '氮磷钾复合肥', 8, '2kg/袋',    '袋',  22.00,  45.00,  8,   150,  1),
(10, 'GD20260430010', '园艺铲',      3, '中号不锈钢', '把',  10.00,  25.00,  5,   100,  1),
(11, 'GD20260430011', '浇水壶',      3, '2L/塑料',   '个',  8.00,   18.00,  5,   80,   1),
(12, 'GD20260430012', '修枝剪',      3, '大号',      '把',  15.00,  32.00,  3,   60,   1);

-- =====================================================
-- 5. 仓库
-- =====================================================
INSERT IGNORE INTO `warehouse` (`id`, `code`, `name`, `contact`, `phone`, `address`, `status`) VALUES
(1, 'WH20260430001', '主仓库',   '张三', '13800001111', '上海市浦东新区xx路100号', 1),
(2, 'WH20260430002', '二号仓库', '李四', '13800002222', '上海市嘉定区xx路200号', 1);

-- =====================================================
-- 6. 供应商
-- =====================================================
INSERT IGNORE INTO `supplier` (`id`, `code`, `name`, `contact`, `phone`, `address`, `status`) VALUES
(1, 'SP20260430001', '绿植批发有限公司',   '王五',  '13900001111', '上海市松江区xx园艺市场A区', 1),
(2, 'SP20260430002', '农资供销合作社',     '赵六',  '13900002222', '上海市奉贤区xx路50号',      1);

-- =====================================================
-- 7. 客户
-- =====================================================
INSERT IGNORE INTO `customer` (`id`, `code`, `name`, `contact`, `phone`, `address`, `status`) VALUES
(1, 'CT20260430001', '阳光花店',       '刘七',  '15800001111', '上海市徐汇区xx路88号', 1),
(2, 'CT20260430002', '绿意园艺中心',    '陈八',  '15800002222', '上海市杨浦区xx路66号', 1),
(3, 'CT20260430003', '青青校园绿化部',   '周九',  '15800003333', '上海市闵行区xx大学',   1);

-- =====================================================
-- 8. 初始库存（主仓库）
-- =====================================================
INSERT IGNORE INTO `inventory` (`product_id`, `warehouse_id`, `batch_no`, `quantity`, `locked_qty`, `cost_price`) VALUES
(1,  1, 'B20260401', 100, 0, 5.00),
(3,  1, 'B20260401', 50,  0, 8.00),
(4,  1, 'B20260401', 200, 0, 4.00),
(5,  1, 'B20260401', 30,  0, 12.00),
(7,  1, 'B20260401', 40,  0, 15.00),
(10, 1, 'B20260401', 20,  0, 10.00);

-- 二号仓库
INSERT IGNORE INTO `inventory` (`product_id`, `warehouse_id`, `batch_no`, `quantity`, `locked_qty`, `cost_price`) VALUES
(1,  2, 'B20260401', 50,  0, 5.00),
(3,  2, 'B20260401', 30,  0, 8.00),
(6,  2, 'B20260401', 80,  0, 6.00),
(8,  2, 'B20260401', 20,  0, 18.00),
(11, 2, 'B20260401', 15,  0, 8.00);

-- =====================================================
-- 9. 测试入库单（已入库状态，方便查看）
-- =====================================================
INSERT IGNORE INTO `purchase_order` (`id`, `order_no`, `supplier_id`, `warehouse_id`, `total_amount`, `total_quantity`, `status`, `operator_id`, `order_date`) VALUES
(1, 'PO20260430001', 1, 1, 1000.00, 100, 1, 1, '2026-04-30');

INSERT IGNORE INTO `purchase_order_item` (`order_id`, `product_id`, `quantity`, `unit_price`, `amount`, `batch_no`) VALUES
(1, 1, 50,  5.00, 250.00, 'B20260430'),
(1, 3, 30,  8.00, 240.00, 'B20260430'),
(1, 7, 20,  15.00, 300.00, 'B20260430'),
(1, 4, 50,  4.00, 200.00, 'B20260430'),
(1, 10, 10, 10.00, 100.00, 'B20260430');

-- =====================================================
-- 10. 测试出库单（已出库状态）
-- =====================================================
INSERT IGNORE INTO `sales_order` (`id`, `order_no`, `customer_id`, `warehouse_id`, `total_amount`, `total_quantity`, `status`, `operator_id`, `order_date`, `salesman`) VALUES
(1, 'SO20260430001', 1, 1, 360.00, 30, 1, 2, '2026-04-30', '销售员');

INSERT IGNORE INTO `sales_order_item` (`order_id`, `product_id`, `quantity`, `unit_price`, `amount`, `batch_no`) VALUES
(1, 1, 20, 12.00, 240.00, 'B20260401'),
(1, 3, 10, 20.00, 200.00, 'B20260401');

-- =====================================================
-- 导入完成提示
-- =====================================================
SELECT '初始化数据导入完成！' AS '提示';
SELECT CONCAT('测试账号: admin / 123456 (管理员)') AS '管理员';
SELECT CONCAT('测试账号: warehouse / 123456 (仓管员)') AS '仓管员';
SELECT CONCAT('测试账号: sales / 123456 (销售员)') AS '销售员';
