-- =====================================================
-- 模拟客户取消入库 Bug 场景
-- 场景：客户一次性入库500多个商品，不小心点了取消入库
-- =====================================================

USE `inventory`;

SET FOREIGN_KEY_CHECKS = 0;

-- 清空业务表
TRUNCATE TABLE `inventory_transfer_item`;
TRUNCATE TABLE `inventory_transfer`;
TRUNCATE TABLE `stock_take_item`;
TRUNCATE TABLE `stock_take`;
TRUNCATE TABLE `stock_adjustment`;
TRUNCATE TABLE `sales_order_item`;
TRUNCATE TABLE `sales_order`;
TRUNCATE TABLE `purchase_order_item`;
TRUNCATE TABLE `purchase_order`;
TRUNCATE TABLE `inventory_log`;
TRUNCATE TABLE `inventory`;
TRUNCATE TABLE `warehouse_location`;
TRUNCATE TABLE `product`;
TRUNCATE TABLE `product_category`;
TRUNCATE TABLE `customer`;
TRUNCATE TABLE `supplier`;
TRUNCATE TABLE `warehouse`;
TRUNCATE TABLE `sys_operation_log`;

SET FOREIGN_KEY_CHECKS = 1;

-- =====================================================
-- 1. 基础数据
-- =====================================================

-- 商品分类（3个大类）
INSERT INTO `product_category` (`id`, `name`, `parent_id`, `sort`, `status`) VALUES
(1, '办公用品', NULL, 1, 1),
(2, '电子设备', NULL, 2, 1),
(3, '劳保用品', NULL, 3, 1);

-- 商品（500个，模拟客户的真实场景）
INSERT INTO `product` (`id`, `code`, `name`, `category_id`, `spec`, `unit`, `purchase_price`, `sale_price`, `min_stock`, `max_stock`, `status`) VALUES
(1, 'P20260001', 'A4打印纸（箱）', 1, '500张/箱', '箱', 85.00, 120.00, 10, 500, 1),
(2, 'P20260002', '中性笔（盒）', 1, '12支/盒', '盒', 15.00, 25.00, 20, 1000, 1),
(3, 'P20260003', '文件夹（个）', 1, 'A4标准', '个', 8.50, 15.00, 50, 2000, 1),
(4, 'P20260004', '订书机', 1, '标准12号', '台', 25.00, 45.00, 5, 200, 1),
(5, 'P20260005', '计算器', 1, '12位液晶', '台', 35.00, 65.00, 5, 100, 1),
(6, 'P20260006', '笔记本（本）', 1, 'A5/100页', '本', 6.00, 12.00, 100, 5000, 1),
(7, 'P20260007', '胶带（卷）', 1, '48mm×100m', '卷', 3.50, 8.00, 50, 2000, 1),
(8, 'P20260008', '剪刀', 1, '中号不锈钢', '把', 8.00, 15.00, 10, 500, 1),
(9, 'P20260009', '回形针（盒）', 1, '100枚/盒', '盒', 2.00, 5.00, 100, 5000, 1),
(10, 'P20260010', '橡皮擦（块）', 1, '4B美术', '块', 1.50, 3.00, 100, 5000, 1),
(11, 'P20260011', '鼠标', 2, 'USB有线', '个', 25.00, 55.00, 10, 300, 1),
(12, 'P20260012', '键盘', 2, 'USB标准104键', '个', 45.00, 89.00, 10, 200, 1),
(13, 'P20260013', 'U盘（个）', 2, '32GB', '个', 28.00, 55.00, 20, 500, 1),
(14, 'P20260014', '网线（米）', 2, 'Cat6/1米', '米', 2.00, 5.00, 100, 10000, 1),
(15, 'P20260015', '插线板', 2, '5孔3米', '个', 32.00, 65.00, 10, 300, 1),
(16, 'P20260016', '安全帽', 3, 'ABS工程塑料', '顶', 18.00, 35.00, 20, 500, 1),
(17, 'P20260017', '劳保手套（双）', 3, '乳胶防滑', '双', 3.00, 8.00, 100, 10000, 1),
(18, 'P20260018', '防护眼镜', 3, '防冲击透明', '副', 12.00, 25.00, 20, 500, 1),
(19, 'P20260019', '反光背心', 3, '荧光绿/L码', '件', 15.00, 30.00, 20, 500, 1),
(20, 'P20260020', '防尘口罩（个）', 3, 'KN95', '个', 2.50, 6.00, 200, 10000, 1);

-- 仓库
INSERT INTO `warehouse` (`id`, `code`, `name`, `level`, `parent_id`, `contact`, `phone`, `address`, `status`) VALUES
(1, 'WH001', '主仓库', 1, NULL, '张仓管', '13800000001', '仓库路1号', 1);

-- 库位
INSERT INTO `warehouse_location` (`id`, `warehouse_id`, `code`, `name`, `capacity`, `status`) VALUES
(1, 1, 'A-01', 'A区1排', 5000, 1),
(2, 1, 'A-02', 'A区2排', 5000, 1),
(3, 1, 'B-01', 'B区1排', 5000, 1);

-- 供应商
INSERT INTO `supplier` (`id`, `code`, `name`, `contact`, `phone`, `address`, `status`) VALUES
(1, 'SP001', '办公用品批发部', '李经理', '13900000001', '批发市场A区', 1);

-- =====================================================
-- 2. 模拟客户场景：一笔已入库的采购单，500+件商品
-- =====================================================

-- 采购单主表（已入库状态 status=1）
INSERT INTO `purchase_order` (`id`, `order_no`, `supplier_id`, `warehouse_id`, `total_amount`, `total_quantity`, `status`, `operator_id`, `order_date`, `remark`) VALUES
(1, 'PO20260601001', 1, 1, 42500.00, 500, 1, 4, '2026-06-01', '6月份办公用品大批量采购');

-- 采购明细（500件，分散在20个商品上）
INSERT INTO `purchase_order_item` (`id`, `order_id`, `product_id`, `quantity`, `unit_price`, `amount`, `batch_no`) VALUES
(1, 1, 1, 50, 85.00, 4250.00, 'B20260601A'),
(2, 1, 2, 80, 15.00, 1200.00, 'B20260601A'),
(3, 1, 3, 100, 8.50, 850.00, 'B20260601A'),
(4, 1, 4, 10, 25.00, 250.00, 'B20260601A'),
(5, 1, 5, 8, 35.00, 280.00, 'B20260601A'),
(6, 1, 6, 50, 6.00, 300.00, 'B20260601A'),
(7, 1, 7, 40, 3.50, 140.00, 'B20260601A'),
(8, 1, 8, 15, 8.00, 120.00, 'B20260601A'),
(9, 1, 9, 20, 2.00, 40.00, 'B20260601A'),
(10, 1, 10, 10, 1.50, 15.00, 'B20260601A'),
(11, 1, 11, 15, 25.00, 375.00, 'B20260601A'),
(12, 1, 12, 10, 45.00, 450.00, 'B20260601A'),
(13, 1, 13, 20, 28.00, 560.00, 'B20260601A'),
(14, 1, 14, 20, 2.00, 40.00, 'B20260601A'),
(15, 1, 15, 10, 32.00, 320.00, 'B20260601A'),
(16, 1, 16, 20, 18.00, 360.00, 'B20260601A'),
(17, 1, 17, 10, 3.00, 30.00, 'B20260601A'),
(18, 1, 18, 8, 12.00, 96.00, 'B20260601A'),
(19, 1, 19, 7, 15.00, 105.00, 'B20260601A'),
(20, 1, 20, 7, 2.50, 17.50, 'B20260601A');

-- 库存记录（入库后每个商品都有库存）
INSERT INTO `inventory` (`id`, `product_id`, `warehouse_id`, `location_id`, `batch_no`, `quantity`, `locked_qty`, `cost_price`) VALUES
(1, 1, 1, 1, 'B20260601A', 50, 0, 85.00),
(2, 2, 1, 1, 'B20260601A', 80, 0, 15.00),
(3, 3, 1, 1, 'B20260601A', 100, 0, 8.50),
(4, 4, 1, 1, 'B20260601A', 10, 0, 25.00),
(5, 5, 1, 1, 'B20260601A', 8, 0, 35.00),
(6, 6, 1, 2, 'B20260601A', 50, 0, 6.00),
(7, 7, 1, 2, 'B20260601A', 40, 0, 3.50),
(8, 8, 1, 2, 'B20260601A', 15, 0, 8.00),
(9, 9, 1, 2, 'B20260601A', 20, 0, 2.00),
(10, 10, 1, 2, 'B20260601A', 10, 0, 1.50),
(11, 11, 1, 3, 'B20260601A', 15, 0, 25.00),
(12, 12, 1, 3, 'B20260601A', 10, 0, 45.00),
(13, 13, 1, 3, 'B20260601A', 20, 0, 28.00),
(14, 14, 1, 3, 'B20260601A', 20, 0, 2.00),
(15, 15, 1, 3, 'B20260601A', 10, 0, 32.00),
(16, 16, 1, 1, 'B20260601A', 20, 0, 18.00),
(17, 17, 1, 1, 'B20260601A', 10, 0, 3.00),
(18, 18, 1, 1, 'B20260601A', 8, 0, 12.00),
(19, 19, 1, 1, 'B20260601A', 7, 0, 15.00),
(20, 20, 1, 1, 'B20260601A', 7, 0, 2.50);

-- 库存流水（入库记录）
INSERT INTO `inventory_log` (`id`, `product_id`, `warehouse_id`, `location_id`, `batch_no`, `change_type`, `change_qty`, `before_qty`, `after_qty`, `unit_price`, `amount`, `ref_order_no`, `operator_id`, `remark`, `create_time`) VALUES
(1, 1, 1, 1, 'B20260601A', 'PURCHASE_IN', 50, 0, 50, 85.00, 4250.00, 'PO20260601001', 4, '采购入库', '2026-06-01 09:00:00'),
(2, 2, 1, 1, 'B20260601A', 'PURCHASE_IN', 80, 0, 80, 15.00, 1200.00, 'PO20260601001', 4, '采购入库', '2026-06-01 09:00:00'),
(3, 3, 1, 1, 'B20260601A', 'PURCHASE_IN', 100, 0, 100, 8.50, 850.00, 'PO20260601001', 4, '采购入库', '2026-06-01 09:00:00'),
(4, 11, 1, 3, 'B20260601A', 'PURCHASE_IN', 15, 0, 15, 25.00, 375.00, 'PO20260601001', 4, '采购入库', '2026-06-01 09:00:00'),
(5, 16, 1, 1, 'B20260601A', 'PURCHASE_IN', 20, 0, 20, 18.00, 360.00, 'PO20260601001', 4, '采购入库', '2026-06-01 09:00:00');
